id;acme_authorization_id;type;value
1;42331;deposit;connect Sleek Rubber Computer Credit Card Account
2;68963;New Hampshire Spain Factors;bypassing AI Auto Loan Account
3;59959;Mouse backing up virtual;Lane Island purple
4;5372;open architecture;leading edge compelling Dynamic
5;22717;transmitting;Fish Louisiana
6;72983;bus application Associate;intangible Director
7;64342;Future Fresh Divide;e-markets access Grocery
8;93354;Pike Ridge invoice;holistic Tools Handmade Concrete Computer
9;35082;Kansas web-enabled Marketing;Keyboard Ohio
10;84860;Cheese;Fresh Luxembourg
