id;name;version;type;author;last_change;signature_base_64
1;generating;Avon transmit enterprise;REQUEST_AUTHORIZATION;withdrawal Isle;2020-02-16T11:24:07;../fake-data/blob/hipster.txt
2;Architect;Practical Multi-channelled;REQUEST_AUTHORIZATION;Hat;2020-02-16T08:28:25;../fake-data/blob/hipster.txt
3;optical composite;Program magenta;CA_INVOCATION;Forward synthesizing redefine;2020-02-16T09:49:28;../fake-data/blob/hipster.txt
4;parse Berkshire Grocery;Chair Digitized;CA_INVOCATION;global Hawaii;2020-02-16T15:19:32;../fake-data/blob/hipster.txt
5;Money Market Account Wooden magnetic;Extended Fully-configurable;CA_INVOCATION;back-end Checking Account Loop;2020-02-17T00:39:36;../fake-data/blob/hipster.txt
6;Flat Assimilated Plains;Credit Card Account invoice;REQUEST_AUTHORIZATION;Boliviano Mvdol Gloves;2020-02-17T05:58:41;../fake-data/blob/hipster.txt
7;Wooden Customer Chicken;generate facilitate mindshare;CA_INVOCATION;real-time Sleek Wooden Keyboard North Dakota;2020-02-16T21:46:06;../fake-data/blob/hipster.txt
8;deploy web-enabled redundant;Netherlands Antilles web-enabled Bedfordshire;REQUEST_AUTHORIZATION;Plastic haptic software;2020-02-16T15:57:15;../fake-data/blob/hipster.txt
9;deposit non-volatile Shirt;parse interface Guyana Dollar;CA_INVOCATION;Health grey Movies;2020-02-16T11:27:46;../fake-data/blob/hipster.txt
10;Panama withdrawal;Paradigm;CA_INVOCATION;recontextualize Somoni;2020-02-17T03:49:38;../fake-data/blob/hipster.txt
