id;attribute_type;attribute_value
1;override back-end hacking;open-source
2;payment National;HDD
3;Tanzanian Shilling Lights;e-enable Plaza intranet
4;convergence Idaho customized;synthesize Bahrain
5;Pre-emptive Bouvet Island (Bouvetoya) experiences;Credit Card Account
6;Belize Dollar Bacon;Investment Account Rwanda Customer
7;Liaison copy program;hack Electronics Oklahoma
8;Cambridgeshire navigate Licensed;Fantastic indexing
9;Investment Account;haptic Shoes
10;models;driver payment Mexican Peso Mexican Unidad de Inversion (UDI)
