id;name;request_proxy_url;active
1;Money Market Account magnetic;optical;false
2;integrate Sports Industrial;Self-enabling;false
3;Ergonomic Granite Ball cultivate index;Adaptive invoice Credit Card Account;false
4;synergies microchip;Future-proofed web-readiness;false
5;protocol Plastic Buckinghamshire;programming;false
6;Stand-alone Metal Function-based;synthesize;false
7;Inverse Senior Credit Card Account;Frozen;false
8;mobile Grocery Faroe Islands;Global;false
9;Oval distributed;Moroccan Dirham;true
10;Intelligent bus;modular British Indian Ocean Territory (Chagos Archipelago) Keyboard;false
