id;selector;template;comment
1;Jewelery cutting-edge;Games;Iraq Bedfordshire
2;Concrete 24/7 Directives;sky blue;Kenyan Shilling robust
3;Versatile Exclusive Moroccan Dirham;capability zero tolerance Computers;Analyst paradigms
4;encompassing;deposit Canadian Dollar Lebanon;Designer Persistent
5;Handmade 24/7 Re-contextualized;web-enabled invoice withdrawal;bypassing optical
6;installation;Argentine Peso;Kentucky Algerian Dinar Clothing
7;open-source turn-key;Sausages;disintermediate Cambridgeshire hacking
8;bricks-and-clicks Concrete Global;Fiji Dollar Profound Bacon;Macao Equatorial Guinea Vision-oriented
9;Agent;Human deposit;even-keeled Saint Helena Pound
10;Internal AI optical;bypassing Marketing;Dynamic Home Loan Account Tools
