id;user_id;name;content
1;14773;out-of-the-box Planner Auto Loan Account;../fake-data/blob/hipster.txt
2;22751;cross-platform;../fake-data/blob/hipster.txt
3;67585;salmon Identity;../fake-data/blob/hipster.txt
4;76423;Concrete calculating;../fake-data/blob/hipster.txt
5;18746;Regional hierarchy Danish Krone;../fake-data/blob/hipster.txt
6;69847;input Ukraine 24/365;../fake-data/blob/hipster.txt
7;99886;neural;../fake-data/blob/hipster.txt
8;96648;parsing unleash;../fake-data/blob/hipster.txt
9;47376;invoice Corporate;../fake-data/blob/hipster.txt
10;75713;Berkshire;../fake-data/blob/hipster.txt
